Group,TPR,FPR
0,0.9206349206349206,0.05263157894736842
1,0.9428571428571428,0.0
2,0.9482758620689655,0.07142857142857142
3,0.9692307692307692,0.08888888888888889
4,0.9466666666666667,0.0
5,0.9264705882352942,0.0
