Group,TPR,FPR
Graduate,0.9424083769633508,0.025
Not Graduate,0.9423076923076923,0.04918032786885246
