Group,TPR,FPR
No,0.9656862745098039,0.047244094488188976
Yes,0.9179487179487179,0.02608695652173913
