predicted_label,predicted_probability,confidence,actual_label,risk_level,education_level,employment_type,no_of_dependents,income_annum,loan_amount,loan_term_years,cibil_score,total_assets,dti_ratio,estimated_monthly_payment,pti_ratio,loan_term_months,feat_no_of_dependents,feat_education,feat_self_employed,feat_income_annum,feat_loan_amount,feat_loan_term,feat_cibil_score,feat_residential_assets_value,feat_commercial_assets_value,feat_luxury_assets_value,feat_bank_asset_value,feat_has_debt
Rejected,0.347603,MEDIUM,Approved,HIGH,Graduate,Self-Employed,0,5000000.0,14900000.0,12,575,33200000.0,2.98,178066.66,0.42736,144,0.0,1.0,1.0,5000000.0,14900000.0,12.0,575.0,12800000.0,1500000.0,12300000.0,6600000.0,0.0
Approved,0.993919,HIGH,Approved,LOW,Graduate,Salaried,4,2900000.0,10400000.0,6,673,19100000.0,3.586207,192668.71,0.79725,72,4.0,1.0,0.0,2900000.0,10400000.0,6.0,673.0,5100000.0,1700000.0,10600000.0,1700000.0,0.0
Approved,0.986394,HIGH,Approved,LOW,Graduate,Self-Employed,4,9600000.0,30100000.0,12,870,50800000.0,3.135417,359718.56,0.449648,144,4.0,1.0,1.0,9600000.0,30100000.0,12.0,870.0,299999.99999999907,6700000.0,38200000.0,5600000.0,0.0
Rejected,0.208698,MEDIUM,Approved,HIGH,Not Graduate,Salaried,4,8000000.0,29100000.0,4,421,50900000.0,3.6375,738051.18,1.107077,48,4.0,0.0,0.0,8000000.0,29100000.0,4.0,421.0,3100000.0,12000000.0,27000000.0,8800000.0,0.0
Approved,0.994267,HIGH,Approved,LOW,Not Graduate,Salaried,4,700000.0,1800000.0,8,874,4200000.0,2.571429,27313.5,0.468231,96,4.0,0.0,0.0,700000.0,1800000.0,8.0,874.0,1600000.0,1000000.0,1300000.0,300000.0,0.0
Approved,0.930648,HIGH,Approved,LOW,Not Graduate,Salaried,5,5200000.0,20700000.0,2,538,23400000.0,3.980769,955199.98,2.204308,24,5.0,0.0,0.0,5200000.0,20700000.0,2.0,538.0,3200000.0,2000000.0,14600000.0,3600000.0,0.0
Approved,0.998048,HIGH,Approved,LOW,Graduate,Salaried,4,7200000.0,27400000.0,8,735,57200000.0,3.805556,415772.1,0.692953,96,4.0,1.0,0.0,7200000.0,27400000.0,8.0,735.0,14100000.0,14200000.0,19400000.0,9500000.0,0.0
Approved,0.996357,HIGH,Approved,LOW,Graduate,Salaried,4,2900000.0,11200000.0,10,744,19500000.0,3.862069,148008.83,0.61245,120,4.0,1.0,0.0,2900000.0,11200000.0,10.0,744.0,6600000.0,4000000.0,7300000.0,1600000.0000000005,0.0
