,precision,recall,f1-score,support
Rejected,0.91015625,0.9628099173553719,0.9357429718875502,242.0
Approved,0.9766233766233766,0.9423558897243107,0.9591836734693877,399.0
accuracy,0.9500780031201248,0.9500780031201248,0.9500780031201248,0.9500780031201248
macro avg,0.9433898133116883,0.9525829035398413,0.947463322678469,641.0
weighted avg,0.951529703233584,0.9500780031201248,0.9503339858207066,641.0
