{
  "Rejected": {
    "precision": 0.91015625,
    "recall": 0.9628099173553719,
    "f1-score": 0.9357429718875502,
    "support": 242.0
  },
  "Approved": {
    "precision": 0.9766233766233766,
    "recall": 0.9423558897243107,
    "f1-score": 0.9591836734693877,
    "support": 399.0
  },
  "accuracy": 0.9500780031201248,
  "macro avg": {
    "precision": 0.9433898133116883,
    "recall": 0.9525829035398413,
    "f1-score": 0.947463322678469,
    "support": 641.0
  },
  "weighted avg": {
    "precision": 0.951529703233584,
    "recall": 0.9500780031201248,
    "f1-score": 0.9503339858207066,
    "support": 641.0
  }
}