{
    "education": {
        "TPR_diff": 0.0001006846556584895,
        "FPR_diff": 0.024180327868852457
    },
    "employment_type": {
        "TPR_diff": 0.047737556561086025,
        "FPR_diff": 0.021157137966449847
    },
    "dependents": {
        "TPR_diff": 0.048595848595848645,
        "FPR_diff": 0.08888888888888889
    }
}