Feature,Importance
loan_amount,-0.023431062698364258
income_annum,-0.022974491119384766
loan_term,0.02028435468673706
luxury_assets_value,0.016781091690063477
cibil_score,-0.004991412162780762
self_employed,0.004850029945373535
bank_asset_value,0.0034827589988708496
no_of_dependents,-0.002176523208618164
education,0.0016248822212219238
commercial_assets_value,-0.0008914470672607422
residential_assets_value,0.00044351816177368164
has_debt,0.0
