{
    "best_threshold": 0.44999999999999996,
    "best_f1": 0.9782886334610472,
    "test_accuracy": 95.00780031201248,
    "test_auc": 0.9920255183413077
}